file,sha256
docs/p/5ebb97ad11886ed233cc42ff0178265ad60e3274.pdf,5ebb97ad11886ed233cc42ff0178265ad60e32747dce5ec438c0f49343a6c48d
docs/p/66c6f6ea6c47d5d4c25def78fb9c73f589b4a180.pdf,66c6f6ea6c47d5d4c25def78fb9c73f589b4a1804a5cc168aef6eb6e85c7f95e
docs/p/f4722e7713ec17cc23cc4f86e6461e84864ac460.pdf,f4722e7713ec17cc23cc4f86e6461e84864ac460cb088352e5f433010bd3e6c4
docs/p/103c7577452623b2eeaa0347760576b90376cfe5.pdf,103c7577452623b2eeaa0347760576b90376cfe568a32dba336ee362b8f290d1
docs/p/d143d0070082c3d267264371a975f6cc306acd99.pdf,d143d0070082c3d267264371a975f6cc306acd99c4a202c386aeb0a4d8eed450
docs/p/cc2e43a1aae36f6ba84fb701b737a7e12f4cce38.pdf,cc2e43a1aae36f6ba84fb701b737a7e12f4cce3810dd4bffd7f1ac86bf58d375
docs/p/7ea7cfe84d7973422a36b4575707d9c444b165e4.pdf,7ea7cfe84d7973422a36b4575707d9c444b165e4bb8bf9f332ccf4b798b3d707
docs/p/56b86487eb4bd6a5fa4dd1af6eaa84601a4477b8.pdf,56b86487eb4bd6a5fa4dd1af6eaa84601a4477b8b2c1cf2ee0fa0d264d73c96f
docs/p/7c2b86ea7cc40345b517eba2553d2ed66ac8e26e.pdf,7c2b86ea7cc40345b517eba2553d2ed66ac8e26eefe6a5cf13dc76de2db06312
docs/p/86a2a540507f2e09f9eb820b271f3453683ba950.pdf,86a2a540507f2e09f9eb820b271f3453683ba950dfc50345af37ddf12ad4f9f5
docs/p/a89f1978011db82253fc29f2066e25f1b399fa68.pdf,a89f1978011db82253fc29f2066e25f1b399fa68829e4965efcb945765b3cc0f
docs/p/0732ddd4107342d7b8c66c9b8fa35893e9c633ca.pdf,0732ddd4107342d7b8c66c9b8fa35893e9c633caae8b7b9b40ad6e72d2d41110
docs/p/63a29240530c82adeb143f141001cf25eb4a4173.pdf,63a29240530c82adeb143f141001cf25eb4a4173b08dafedb07dbb96388dc99b
docs/p/301a9230bfbbf7389a21788626849c811d2cc75a.pdf,301a9230bfbbf7389a21788626849c811d2cc75aecc50af587ff4d3b23bd1bcc
docs/p/b000b2200a805bdd4dd78527bb6cbb59002f9e7b.pdf,b000b2200a805bdd4dd78527bb6cbb59002f9e7b86d001ceeb4edbb37db2f252
docs/p/e31b41893b44480fe5e27ff0c147b815aea4a2cb.pdf,e31b41893b44480fe5e27ff0c147b815aea4a2cb61b7ffdc8d9b02e3531257cd
docs/p/5f56aadc3c6ae72088a56d038d57c48e1bbd22f8.pdf,5f56aadc3c6ae72088a56d038d57c48e1bbd22f8a584abe9fb98a81bc1fc589b
docs/p/0576229664bc6c03f4e50e0e636f631b88d17093.pdf,0576229664bc6c03f4e50e0e636f631b88d1709376a5052a41654e03470ce653
docs/p/4b7a6800930cfa9b9740a5483dcbb0a55a6ba04d.pdf,4b7a6800930cfa9b9740a5483dcbb0a55a6ba04dbf36b054205c70519638294d
docs/p/0347cbdd36dd87dad0d447f6852ee4f5b4773e97.pdf,0347cbdd36dd87dad0d447f6852ee4f5b4773e971c433341a4df4a1fe836f2e7
docs/p/2a2d904dd0df1506b9d08b8a61d0d6f176f3ac2a.pdf,2a2d904dd0df1506b9d08b8a61d0d6f176f3ac2a0c6a103bdbae5747a42da741
docs/p/fac0a4f982f9716704144176ae6b33985a613371.pdf,fac0a4f982f9716704144176ae6b33985a61337128d93e64f60511c813eadacd
docs/p/fa3d69ebfb42615377a6ddc4605de51c06a39417.pdf,fa3d69ebfb42615377a6ddc4605de51c06a394171ebffcee8935ba6c50b4e744
docs/p/7804fd5d3eae11b38766be8f094eadbe50e2d75e.pdf,7804fd5d3eae11b38766be8f094eadbe50e2d75e4d15212c1fa2ec8299cb4302
docs/p/5504c44086c6b68fcd3c74e4006cf6dac1bde3ba.pdf,5504c44086c6b68fcd3c74e4006cf6dac1bde3bab0f5ca0ab4f85bc8f0ec93c4
docs/p/86959ed5985089c697222c4fafa8cd31afa563f5.pdf,86959ed5985089c697222c4fafa8cd31afa563f597cf88c027b5352e97f2aa2b
docs/p/f46bc25014d35b505b4998c659ffae09c5a03ecc.pdf,f46bc25014d35b505b4998c659ffae09c5a03ecc4c01481cd9605c70737ac063
docs/p/a3bd4b3f10d2f2bd90f7fce4b2088d7de85a04f9.pdf,a3bd4b3f10d2f2bd90f7fce4b2088d7de85a04f9e1c8e452e3bd2d8d3669ec52
docs/p/1cb5fdd9d08f7b4dc4371ba461df1fec19585f5b.pdf,1cb5fdd9d08f7b4dc4371ba461df1fec19585f5b29541f70ec9f21b4642eef61
docs/p/e5e2b5f3872cc43fbe9028f924897678f021a713.pdf,e5e2b5f3872cc43fbe9028f924897678f021a7136af08566c3bb318c009285a7
docs/p/e5234de2693c477b852f59b95abcaa0fe4b07976.pdf,e5234de2693c477b852f59b95abcaa0fe4b07976ebbc472e5179a71de960f0db
docs/p/cab6d437756b0afed459d079428ab0d1e483442d.pdf,cab6d437756b0afed459d079428ab0d1e483442dda10396ccd751a42ccdabc5f
docs/p/478650433d10ae46e7d5bb116d2956140a49125d.pdf,478650433d10ae46e7d5bb116d2956140a49125d7225365d6230af48fb5f3824
docs/p/96bdd9fb80cbfad954e17c400d43b6ae4b9cc21e.pdf,96bdd9fb80cbfad954e17c400d43b6ae4b9cc21e537ed1e131305ee51f91259c
docs/p/cdc8658c113e3bb661d71f73b93f9e828fc28dfb.pdf,cdc8658c113e3bb661d71f73b93f9e828fc28dfb5f8add763bf6fdc82f5df96e
docs/p/8098239e4ab261b4fd43f923e228a2968f7bf9a3.pdf,8098239e4ab261b4fd43f923e228a2968f7bf9a3bf1745673f1afb48bfcc2f71
docs/p/8098239e4ab261b4fd43f923e228a2968f7bf9a3.pdf,8098239e4ab261b4fd43f923e228a2968f7bf9a3bf1745673f1afb48bfcc2f71
docs/p/0f8dc752d6c6fc5db6fef9af3fd5386693d99612.pdf,0f8dc752d6c6fc5db6fef9af3fd5386693d99612eff5b05c3425726ba82753e1
docs/p/c9f381ba2c7e7e2dc8f8e02a27ab77651c387c5d.pdf,c9f381ba2c7e7e2dc8f8e02a27ab77651c387c5d94687799352cb3eb8b7d3c67
docs/p/95a1f7da417925139c3fa634b293df983b1c96ec.pdf,95a1f7da417925139c3fa634b293df983b1c96ecdc39c1e3dfeb8cf22edf7d8f
docs/p/ca4f46af363c81c8a54732a7a5d2a00de81da1b5.pdf,ca4f46af363c81c8a54732a7a5d2a00de81da1b54fc6a3656408d7a54d8815c4
